"nombre","provincia","cod_mun","renta_neta_media_persona","sin_educacion_basica","educacion_basica","fp","universitaria","indice_educacion","total_educacion"
"Abla","Almería","04001",9556,288,503,51,102,0.201,944
"Abrucena","Almería","04002",9412,301,530,0,0,0.159,831
"Adra","Almería","04003",7845,6354,7838,1368,1401,0.177,16961
"Albanchez","Almería","04004",8875,189,233,0,0,0.138,422
"Alboloduy","Almería","04005",9559,197,189,0,0,0.122,386
"Albox","Almería","04006",8192,1672,3881,1011,1076,0.23,7640
"Alcolea","Almería","04007",8449,183,320,0,0,0.159,503
"Alcóntar","Almería","04008",10658,77,259,27,0,0.197,363
"Alcudia de Monteagud","Almería","04009",13455,0,59,0,0,0.25,59
"Alhabia","Almería","04010",7971,218,181,66,0,0.133,465
"Alhama de Almería","Almería","04011",8537,647,1610,146,307,0.219,2710
"Alicún","Almería","04012",9804,32,105,0,20,0.231,157
"Almería (capital)","Almería","04013",10505,27610,61977,16229,36137,0.265,141953
"Almócita","Almería","04014",10763,36,44,0,0,0.138,80
"Alsodux","Almería","04015",12457,27,62,0,0,0.174,89
"Antas","Almería","04016",8978,527,1108,328,348,0.231,2311
"Arboleas","Almería","04017",7249,772,1927,191,379,0.22,3269
"Armuña de Almanzora","Almería","04018",10475,41,122,0,0,0.187,163
"Bacares","Almería","04019",11184,36,96,0,0,0.182,132
"Bayárcal","Almería","04020",9542,68,90,0,0,0.142,158
"Bayarque","Almería","04021",11448,38,61,0,0,0.154,99
"Bédar","Almería","04022",7398,217,295,0,0,0.144,512
"Beires","Almería","04023",12245,31,20,0,0,0.098,51
"Benahadux","Almería","04024",8886,441,1510,522,457,0.251,2930
"Benitagla","Almería","04026",NA,0,0,0,0,NA,0
"Benizalón","Almería","04027",9486,60,105,0,0,0.159,165
"Bentarique","Almería","04028",9278,60,84,21,0,0.159,165
"Berja","Almería","04029",7892,3332,5241,747,1128,0.197,10448
"Canjáyar","Almería","04030",8754,395,487,81,0,0.147,963
"Cantoria","Almería","04031",8830,665,1390,359,316,0.218,2730
"Carboneras","Almería","04032",10195,1479,2275,703,888,0.222,5345
"Castro de Filabres","Almería","04033",12112,31,70,0,0,0.173,101
"Chercos","Almería","04036",8296,75,97,0,0,0.141,172
"Chirivel","Almería","04037",10060,198,575,87,256,0.263,1116
"Cóbdar","Almería","04034",10592,37,51,0,0,0.145,88
"Cuevas del Almanzora","Almería","04035",8403,2656,4600,998,1005,0.205,9259
"Dalías","Almería","04038",8695,926,1292,271,366,0.201,2855
"El Ejido","Almería","04902",8011,15640,28038,5367,5939,0.206,54984
"Enix","Almería","04041",10020,71,45,0,0,0.097,116
"Felix","Almería","04043",9582,95,250,42,0,0.189,387
"Fines","Almería","04044",8645,335,847,195,169,0.223,1546
"Fiñana","Almería","04045",8539,556,742,144,70,0.17,1512
"Fondón","Almería","04046",9577,192,309,105,52,0.197,658
"Gádor","Almería","04047",8297,605,923,163,174,0.192,1865
"Garrucha","Almería","04049",8263,1193,2903,1049,589,0.224,5734
"Gérgal","Almería","04050",8554,201,412,0,0,0.168,613
"Huécija","Almería","04051",8675,98,199,30,0,0.175,327
"Huércal de Almería","Almería","04052",9655,1843,5951,2014,1700,0.247,11508
"Huércal-Overa","Almería","04053",9244,2161,6185,2017,2487,0.256,12850
"Íllar","Almería","04054",9110,99,128,0,0,0.141,227
"Instinción","Almería","04055",8137,149,111,0,0,0.107,260
"La Mojonera","Almería","04903",7037,2665,2478,511,70,0.137,5724
"Laroya","Almería","04056",9656,20,51,0,0,0.18,71
"Las Tres Villas","Almería","04901",9913,62,193,0,0,0.189,255
"Laujar de Andarax","Almería","04057",7801,385,644,68,71,0.183,1168
"Líjar","Almería","04058",8767,117,157,0,0,0.143,274
"Los Gallardos","Almería","04048",8387,518,1390,116,267,0.223,2291
"Lubrín","Almería","04059",8819,249,677,0,84,0.209,1010
"Lucainena de las Torres","Almería","04060",8374,89,198,0,47,0.219,334
"Lúcar","Almería","04061",8839,169,237,0,33,0.173,439
"Macael","Almería","04062",10050,1082,2151,624,380,0.209,4237
"María","Almería","04063",9248,132,511,43,63,0.227,749
"Mojácar","Almería","04064",9058,569,2516,805,2009,0.311,5899
"Nacimiento","Almería","04065",9692,44,278,0,0,0.216,322
"Níjar","Almería","04066",7307,6184,10451,1595,1376,0.189,19606
"Ohanes","Almería","04067",9475,149,178,0,0,0.136,327
"Olula de Castro","Almería","04068",11480,28,59,0,0,0.17,87
"Olula del Río","Almería","04069",8875,713,2223,700,725,0.251,4361
"Oria","Almería","04070",9084,456,1036,0,0,0.174,1492
"Padules","Almería","04071",10476,94,189,25,0,0.174,308
"Partaloa","Almería","04072",6693,183,322,0,0,0.159,505
"Paterna del Río","Almería","04073",9477,104,77,0,0,0.106,181
"Pechina","Almería","04074",8099,673,1271,415,233,0.208,2592
"Pulpí","Almería","04075",9057,1531,3386,630,550,0.21,6097
"Purchena","Almería","04076",9350,264,659,94,104,0.214,1121
"Rágol","Almería","04077",11189,79,125,0,0,0.153,204
"Rioja","Almería","04078",8063,373,371,176,0,0.149,920
"Roquetas de Mar","Almería","04079",9051,12456,29476,8365,13448,0.254,63745
"Santa Cruz de Marchena","Almería","04080",10187,22,69,0,0,0.19,91
"Santa Fe de Mondújar","Almería","04081",8243,120,140,0,0,0.135,260
"Senés","Almería","04082",11689,61,91,0,0,0.15,152
"Serón","Almería","04083",10368,482,613,104,149,0.188,1348
"Sierro","Almería","04084",9719,57,139,42,0,0.19,238
"Somontín","Almería","04085",9450,62,194,0,0,0.189,256
"Sorbas","Almería","04086",8405,543,902,0,0,0.156,1445
"Suflí","Almería","04087",9278,42,110,0,0,0.181,152
"Tabernas","Almería","04088",8307,676,1305,312,197,0.202,2490
"Taberno","Almería","04089",8767,188,367,41,52,0.198,648
"Tahal","Almería","04090",10633,65,161,0,0,0.178,226
"Terque","Almería","04091",10954,125,147,21,0,0.143,293
"Tíjola","Almería","04092",9301,542,1347,398,403,0.237,2690
"Turre","Almería","04093",7705,488,1389,0,483,0.249,2360
"Turrillas","Almería","04094",9910,71,65,0,0,0.119,136
"Uleila del Campo","Almería","04095",8296,221,277,47,0,0.149,545
"Urrácal","Almería","04096",10806,59,106,0,0,0.161,165
"Velefique","Almería","04097",12091,67,70,0,0,0.128,137
"Vélez-Blanco","Almería","04098",9187,434,686,175,115,0.193,1410
"Vélez-Rubio","Almería","04099",9116,1155,2079,428,627,0.219,4289
"Vera","Almería","04100",8740,1745,4799,1281,1988,0.256,9813
"Viator","Almería","04101",8404,913,1981,654,241,0.206,3789
"Vícar","Almería","04102",7451,4384,9502,1263,910,0.196,16059
"Zurgena","Almería","04103",8174,363,1322,205,157,0.225,2047
"Alcalá de los Gazules","Cádiz","11001",8269,1184,1674,491,414,0.199,3763
"Alcalá del Valle","Cádiz","11002",7550,1254,1860,241,208,0.177,3563
"Algar","Cádiz","11003",8439,402,389,112,51,0.158,954
"Algeciras","Cádiz","11004",10139,15937,40010,13160,15696,0.249,84803
"Algodonales","Cádiz","11005",7990,1424,1574,448,0,0.147,3446
"Arcos de la Frontera","Cádiz","11006",7976,6771,9386,2960,1981,0.193,21098
"Barbate","Cádiz","11007",7636,4459,7795,2055,1499,0.203,15808
"Benalup-Casas Viejas","Cádiz","11901",8106,1447,2542,506,425,0.198,4920
"Benaocaz","Cádiz","11009",9394,105,290,32,71,0.233,498
"Bornos","Cádiz","11010",7758,2086,2304,546,344,0.168,5280
"Cádiz (capital)","Cádiz","11012",12284,16797,40769,15670,23618,0.268,96854
"Castellar de la Frontera","Cádiz","11013",8947,565,1093,357,193,0.208,2208
"Chiclana de la Frontera","Cádiz","11015",8727,13130,26124,9453,9432,0.234,58139
"Chipiona","Cádiz","11016",7299,3945,6465,1341,965,0.191,12716
"Conil de la Frontera","Cádiz","11014",8658,3465,7353,2521,1948,0.225,15287
"El Bosque","Cádiz","11011",9134,374,627,238,232,0.226,1471
"El Gastor","Cádiz","11018",8514,384,609,78,55,0.177,1126
"El Puerto de Santa María","Cádiz","11027",10307,11552,28605,11011,14697,0.262,65865
"Espera","Cádiz","11017",7973,850,1123,340,141,0.178,2454
"Grazalema","Cádiz","11019",8459,344,865,83,0,0.183,1292
"Jerez de la Frontera","Cádiz","11020",9447,32184,66172,26236,30212,0.247,154804
"Jimena de la Frontera","Cádiz","11021",8122,1584,3783,931,646,0.216,6944
"La Línea de la Concepción","Cádiz","11022",8523,11827,22218,7800,6022,0.22,47867
"Los Barrios","Cádiz","11008",10374,3756,7557,2985,1783,0.219,16081
"Medina Sidonia","Cádiz","11023",8111,2267,3605,1221,738,0.201,7831
"Olvera","Cádiz","11024",8965,1700,2293,438,954,0.215,5385
"Paterna de Rivera","Cádiz","11025",7589,1254,1549,623,206,0.178,3632
"Prado del Rey","Cádiz","11026",7585,1219,1731,581,318,0.191,3849
"Puerto Real","Cádiz","11028",10274,5553,12618,7015,5582,0.25,30768
"Puerto Serrano","Cádiz","11029",7037,2168,1352,399,108,0.122,4027
"Rota","Cádiz","11030",10052,4307,9689,4434,2851,0.233,21281
"San Fernando","Cádiz","11031",10208,12586,30539,14545,15161,0.259,72831
"San José del Valle","Cádiz","11902",7647,956,1423,338,166,0.181,2883
"San Roque","Cádiz","11033",9609,4504,10425,3638,3152,0.234,21719
"Sanlúcar de Barrameda","Cádiz","11032",7720,14892,20950,5458,5690,0.201,46990
"Setenil de las Bodegas","Cádiz","11034",8587,627,1133,141,108,0.185,2009
"Tarifa","Cádiz","11035",9572,3561,5873,1483,1702,0.213,12619
"Torre Alháquime","Cádiz","11036",8134,198,284,0,0,0.147,482
"Trebujena","Cádiz","11037",9120,1274,1908,1076,461,0.207,4719
"Ubrique","Cádiz","11038",9106,3292,5300,1150,1410,0.208,11152
"Vejer de la Frontera","Cádiz","11039",7863,3025,3734,1068,614,0.179,8441
"Villaluenga del Rosario","Cádiz","11040",10036,77,169,0,0,0.172,246
"Villamartín","Cádiz","11041",8208,2942,3288,1148,735,0.182,8113
"Zahara","Cádiz","11042",8889,288,470,188,55,0.192,1001
"Adamuz","Córdoba","14001",8480,840,1539,357,132,0.188,2868
"Aguilar de la Frontera","Córdoba","14002",8329,2697,4713,793,1116,0.208,9319
"Alcaracejos","Córdoba","14003",9445,265,619,86,45,0.196,1015
"Almedinilla","Córdoba","14004",8086,495,748,156,86,0.181,1485
"Almodóvar del Río","Córdoba","14005",7821,1267,2931,766,375,0.208,5339
"Añora","Córdoba","14006",10533,260,510,115,168,0.228,1053
"Baena","Córdoba","14007",8223,3197,6593,1657,1784,0.223,13231
"Belalcázar","Córdoba","14008",8067,616,1225,232,160,0.199,2233
"Belmez","Córdoba","14009",9389,634,1143,286,262,0.21,2325
"Benamejí","Córdoba","14010",7823,1020,1801,126,355,0.2,3302
"Bujalance","Córdoba","14012",8473,1833,2243,816,694,0.199,5586
"Cabra","Córdoba","14013",9400,3579,6244,2717,2219,0.227,14759
"Cañete de las Torres","Córdoba","14014",9097,669,1090,217,193,0.195,2169
"Carcabuey","Córdoba","14015",9045,548,932,251,78,0.185,1809
"Cardeña","Córdoba","14016",8856,296,559,67,59,0.19,981
"Castro del Río","Córdoba","14019",8740,1447,2519,576,648,0.212,5190
"Conquista","Córdoba","14020",9916,105,120,0,0,0.133,225
"Córdoba (capital)","Córdoba","14021",11083,38453,108729,37007,61465,0.273,245654
"Doña Mencía","Córdoba","14022",8666,1163,1511,447,304,0.187,3425
"Dos Torres","Córdoba","14023",8728,567,736,244,169,0.192,1716
"El Carpio","Córdoba","14018",9144,763,1490,624,370,0.22,3247
"El Guijo","Córdoba","14034",9717,53,104,0,26,0.213,183
"El Viso","Córdoba","14074",9162,486,768,369,154,0.203,1777
"Encinas Reales","Córdoba","14024",8405,551,762,101,64,0.168,1478
"Espejo","Córdoba","14025",9136,619,1173,232,325,0.219,2349
"Espiel","Córdoba","14026",10032,418,657,416,142,0.208,1633
"Fernán-Núñez","Córdoba","14027",9472,1384,3331,901,895,0.231,6511
"Fuente la Lancha","Córdoba","14028",8897,88,115,0,0,0.142,203
"Fuente Obejuna","Córdoba","14029",8857,1337,1715,408,339,0.184,3799
"Fuente Palmera","Córdoba","14030",8089,2152,3292,874,595,0.194,6913
"Fuente-Tójar","Córdoba","14031",8661,90,254,0,0,0.185,344
"Guadalcázar","Córdoba","14033",8633,207,582,204,171,0.242,1164
"Hinojosa del Duque","Córdoba","14035",8575,1250,2317,629,467,0.208,4663
"Hornachuelos","Córdoba","14036",8506,809,1489,469,220,0.201,2987
"Iznájar","Córdoba","14037",7783,1131,1484,0,153,0.162,2768
"La Carlota","Córdoba","14017",8516,2254,4355,1270,1028,0.216,8907
"La Granjuela","Córdoba","14032",9545,82,190,30,0,0.182,302
"La Rambla","Córdoba","14057",8760,1486,2611,445,694,0.212,5236
"La Victoria","Córdoba","14065",8969,419,796,205,283,0.23,1703
"Los Blázquez","Córdoba","14011",8201,98,314,30,0,0.195,442
"Lucena","Córdoba","14038",8523,7051,14448,3139,4037,0.224,28675
"Luque","Córdoba","14039",9045,680,1065,282,135,0.187,2162
"Montalbán de Córdoba","Córdoba","14040",8917,1122,1485,369,212,0.179,3188
"Montemayor","Córdoba","14041",8831,714,1292,243,387,0.219,2636
"Montilla","Córdoba","14042",9445,3955,7646,2452,2521,0.228,16574
"Montoro","Córdoba","14043",8495,2178,3051,836,584,0.19,6649
"Monturque","Córdoba","14044",8261,461,643,83,0,0.153,1187
"Moriles","Córdoba","14045",7872,797,1233,347,235,0.196,2612
"Nueva Carteya","Córdoba","14046",7714,1644,1591,372,101,0.146,3708
"Obejo","Córdoba","14047",9331,206,730,226,114,0.232,1276
"Palenciana","Córdoba","14048",8397,317,591,59,0,0.168,967
"Palma del Río","Córdoba","14049",8489,3345,6822,2085,2050,0.227,14302
"Pedro Abad","Córdoba","14050",8662,493,1176,345,66,0.199,2080
"Pedroche","Córdoba","14051",9220,287,477,212,51,0.193,1027
"Peñarroya-Pueblonuevo","Córdoba","14052",9809,1876,4338,1321,729,0.215,8264
"Posadas","Córdoba","14053",8560,1330,2802,687,346,0.202,5165
"Pozoblanco","Córdoba","14054",10437,2264,5890,1674,2235,0.249,12063
"Priego de Córdoba","Córdoba","14055",8377,4041,7604,2042,2307,0.223,15994
"Puente Genil","Córdoba","14056",8623,6082,10797,2146,2605,0.21,21630
"Rute","Córdoba","14058",8595,2221,3237,689,551,0.188,6698
"San Sebastián de los Ballesteros","Córdoba","14059",10516,211,261,0,101,0.202,573
"Santa Eufemia","Córdoba","14061",9555,166,275,66,0,0.168,507
"Santaella","Córdoba","14060",8087,1123,1961,580,383,0.204,4047
"Torrecampo","Córdoba","14062",9776,263,321,90,62,0.182,736
"Valenzuela","Córdoba","14063",9369,224,370,103,145,0.227,842
"Valsequillo","Córdoba","14064",8821,81,125,0,0,0.152,206
"Villa del Río","Córdoba","14066",7986,1336,2658,626,457,0.207,5077
"Villafranca de Córdoba","Córdoba","14067",9108,798,1370,651,418,0.221,3237
"Villaharta","Córdoba","14068",9831,79,324,28,28,0.222,459
"Villanueva de Córdoba","Córdoba","14069",8639,1722,2997,849,603,0.205,6171
"Villanueva del Duque","Córdoba","14070",9330,334,471,138,141,0.205,1084
"Villanueva del Rey","Córdoba","14071",8910,270,369,73,0,0.155,712
"Villaralto","Córdoba","14072",9510,293,406,87,0,0.157,786
"Villaviciosa de Córdoba","Córdoba","14073",8054,741,1132,344,157,0.189,2374
"Zuheros","Córdoba","14075",9806,161,240,25,0,0.156,426
"Agrón","Granada","18001",8655,55,121,0,0,0.172,176
"Alamedilla","Granada","18002",9053,200,176,0,0,0.117,376
"Albolote","Granada","18003",10181,1986,6078,1861,2782,0.266,12707
"Albondón","Granada","18004",8920,227,318,0,0,0.146,545
"Albuñán","Granada","18005",10490,66,101,0,0,0.151,167
"Albuñol","Granada","18006",6690,1541,2244,298,284,0.178,4367
"Albuñuelas","Granada","18007",8747,243,302,0,0,0.139,545
"Aldeire","Granada","18010",9989,98,238,48,0,0.186,384
"Alfacar","Granada","18011",9402,806,1803,621,643,0.239,3873
"Algarinejo","Granada","18012",8082,643,812,0,97,0.162,1552
"Alhama de Granada","Granada","18013",8070,1005,1831,707,640,0.228,4183
"Alhendín","Granada","18014",9468,757,2909,777,1053,0.263,5496
"Alicún de Ortega","Granada","18015",7621,120,171,0,0,0.147,291
"Almegíjar","Granada","18016",10463,87,122,0,0,0.146,209
"Almuñécar","Granada","18017",8330,4905,9151,2210,3561,0.233,19827
"Alpujarra de la Sierra","Granada","18904",8420,349,351,0,61,0.155,761
"Alquife","Granada","18018",10733,124,266,56,44,0.209,490
"Arenas del Rey","Granada","18020",8309,403,790,78,0,0.171,1271
"Armilla","Granada","18021",9859,2869,7367,2074,4320,0.272,16630
"Atarfe","Granada","18022",8592,2069,6611,1845,1579,0.24,12104
"Baza","Granada","18023",9209,2988,7646,2178,2408,0.24,15220
"Beas de Granada","Granada","18024",10174,104,360,134,55,0.231,653
"Beas de Guadix","Granada","18025",8652,111,118,0,0,0.129,229
"Benalúa","Granada","18027",7493,722,982,215,74,0.169,1993
"Benalúa de las Villas","Granada","18028",8173,346,451,0,0,0.141,797
"Benamaurel","Granada","18029",7851,546,822,101,91,0.177,1560
"Bérchules","Granada","18030",8898,210,249,0,0,0.136,459
"Bubión","Granada","18032",10480,52,147,0,0,0.185,199
"Busquístar","Granada","18033",6885,39,87,0,0,0.173,126
"Cacín","Granada","18034",8125,92,242,0,0,0.181,334
"Cádiar","Granada","18035",8784,273,524,0,81,0.195,878
"Cájar","Granada","18036",12074,307,1504,394,1099,0.31,3304
"Calicasas","Granada","18037",9260,91,240,65,0,0.193,396
"Campotéjar","Granada","18038",8756,306,498,65,0,0.162,869
"Caniles","Granada","18039",8338,831,1661,165,331,0.208,2988
"Cáñar","Granada","18040",7750,85,106,0,0,0.139,191
"Capileira","Granada","18042",8469,48,196,30,53,0.254,327
"Carataunas","Granada","18043",8329,11,67,0,26,0.286,104
"Cástaras","Granada","18044",9044,57,61,0,0,0.129,118
"Castilléjar","Granada","18045",8296,346,460,71,0,0.151,877
"Castril","Granada","18046",8136,442,775,0,0,0.159,1217
"Cenes de la Vega","Granada","18047",9368,591,2935,836,1108,0.274,5470
"Chauchina","Granada","18059",7793,919,1809,501,297,0.206,3526
"Chimeneas","Granada","18061",8073,435,469,119,0,0.144,1023
"Churriana de la Vega","Granada","18062",9365,1323,5346,1536,1630,0.258,9835
"Cijuela","Granada","18048",7910,539,1153,329,232,0.216,2253
"Cogollos de Guadix","Granada","18049",9112,127,227,0,0,0.16,354
"Cogollos de la Vega","Granada","18050",8384,293,727,0,201,0.231,1221
"Colomera","Granada","18051",8161,384,381,0,39,0.143,804
"Cortes de Baza","Granada","18053",8150,555,561,0,0,0.126,1116
"Cortes y Graena","Granada","18054",9296,233,305,83,0,0.156,621
"Cuevas del Campo","Granada","18912",7815,446,645,0,0,0.148,1091
"Cúllar","Granada","18056",8404,1116,1452,180,349,0.188,3097
"Cúllar Vega","Granada","18057",9349,485,2725,937,751,0.264,4898
"Darro","Granada","18063",6547,288,505,71,47,0.184,911
"Dehesas de Guadix","Granada","18064",8410,134,132,26,0,0.135,292
"Deifontes","Granada","18066",7053,593,803,130,0,0.153,1526
"Diezma","Granada","18067",8177,175,229,0,0,0.142,404
"Dílar","Granada","18068",11154,202,640,216,253,0.26,1311
"Dólar","Granada","18069",9803,105,245,0,0,0.175,350
"Dúdar","Granada","18070",12062,40,118,16,19,0.223,193
"Dúrcal","Granada","18071",8966,1045,2681,693,762,0.236,5181
"El Pinar","Granada","18910",8894,161,389,78,0,0.186,628
"El Valle","Granada","18902",10315,191,323,60,0,0.167,574
"Escúzar","Granada","18072",8999,206,239,38,0,0.143,483
"Ferreira","Granada","18074",9970,69,125,0,0,0.161,194
"Fonelas","Granada","18076",7283,245,250,0,0,0.126,495
"Freila","Granada","18078",8690,177,388,0,0,0.172,565
"Fuente Vaqueros","Granada","18079",6877,858,1489,307,290,0.202,2944
"Galera","Granada","18082",8296,142,396,0,94,0.231,632
"Gobernador","Granada","18083",10508,96,68,0,31,0.167,195
"Gójar","Granada","18084",10622,510,2148,342,942,0.277,3942
"Gor","Granada","18085",9517,183,253,0,44,0.178,480
"Gorafe","Granada","18086",8681,105,176,0,0,0.157,281
"Granada (capital)","Granada","18087",12663,25703,70088,18973,71407,0.311,186171
"Guadahortuna","Granada","18088",6703,479,518,76,0,0.138,1073
"Guadix","Granada","18089",9461,2668,6867,1471,2544,0.248,13550
"Gualchos","Granada","18093",7301,671,1776,106,336,0.221,2889
"Güéjar Sierra","Granada","18094",9565,460,1299,268,0,0.193,2027
"Güevéjar","Granada","18095",8239,264,1020,306,193,0.24,1783
"Huélago","Granada","18096",7446,106,73,0,0,0.102,179
"Huéneja","Granada","18097",10391,239,429,43,56,0.19,767
"Huéscar","Granada","18098",8869,1375,2406,583,655,0.214,5019
"Huétor de Santillán","Granada","18099",10641,176,595,370,163,0.248,1304
"Huétor Tájar","Granada","18100",7760,2111,3149,780,490,0.188,6530
"Huétor Vega","Granada","18101",10967,1008,4345,1176,2413,0.289,8942
"Íllora","Granada","18102",7600,2770,2842,903,445,0.166,6960
"Ítrabo","Granada","18103",7981,314,309,46,0,0.133,669
"Iznalloz","Granada","18105",6693,1756,2045,334,379,0.174,4514
"Jayena","Granada","18107",7845,285,382,0,0,0.143,667
"Jérez del Marquesado","Granada","18108",9440,82,387,158,43,0.235,670
"Jete","Granada","18109",7791,88,410,0,0,0.206,498
"Jun","Granada","18111",10141,209,1367,420,407,0.271,2403
"Juviles","Granada","18112",9344,49,40,0,0,0.112,89
"La Calahorra","Granada","18114",9233,135,271,75,0,0.18,481
"La Malahá","Granada","18126",8407,214,643,239,72,0.22,1168
"La Peza","Granada","18154",8225,360,303,0,0,0.114,663
"La Taha","Granada","18901",9057,81,238,0,87,0.254,406
"La Zubia","Granada","18193",10215,1871,6484,1890,3145,0.274,13390
"Láchar","Granada","18115",7313,663,1194,288,134,0.192,2279
"Lanjarón","Granada","18116",8894,837,1170,392,451,0.216,2850
"Lanteira","Granada","18117",9713,124,199,73,40,0.202,436
"Las Gabias","Granada","18905",9022,1653,7092,2185,2221,0.261,13151
"Lecrín","Granada","18119",9871,477,784,94,90,0.183,1445
"Lentegí","Granada","18120",8677,51,101,0,0,0.166,152
"Lobras","Granada","18121",9355,43,24,0,0,0.09,67
"Loja","Granada","18122",8360,4155,6889,1356,1635,0.205,14035
"Los Guájares","Granada","18906",8963,389,284,0,0,0.105,673
"Lugros","Granada","18123",9977,97,68,0,0,0.103,165
"Lújar","Granada","18124",8806,59,187,0,0,0.19,246
"Maracena","Granada","18127",9212,2609,8356,2249,2158,0.243,15372
"Marchal","Granada","18128",7883,71,115,0,0,0.155,186
"Moclín","Granada","18132",8358,876,1499,350,107,0.182,2832
"Molvízar","Granada","18133",7866,660,1196,329,0,0.174,2185
"Monachil","Granada","18134",10482,551,2334,915,1264,0.285,5064
"Montefrío","Granada","18135",7957,897,1699,441,399,0.214,3436
"Montejícar","Granada","18136",7205,468,724,186,0,0.165,1378
"Montillana","Granada","18137",8371,339,405,0,0,0.136,744
"Moraleda de Zafayona","Granada","18138",7761,857,1089,129,0,0.147,2075
"Morelábor","Granada","18909",8963,222,209,43,0,0.133,474
"Motril","Granada","18140",9015,9189,22972,4873,6522,0.235,43556
"Murtas","Granada","18141",9094,181,135,0,0,0.107,316
"Nevada","Granada","18903",8402,263,293,0,78,0.177,634
"Nigüelas","Granada","18143",9084,150,410,149,87,0.23,796
"Nívar","Granada","18144",10982,67,347,111,150,0.281,675
"Ogíjares","Granada","18145",10876,1104,4684,1703,2297,0.28,9788
"Orce","Granada","18146",8183,125,525,99,35,0.221,784
"Órgiva","Granada","18147",7830,955,1824,490,654,0.231,3923
"Otívar","Granada","18148",8249,285,432,0,41,0.17,758
"Padul","Granada","18150",9137,1512,2689,727,694,0.214,5622
"Pampaneira","Granada","18151",8336,62,130,0,0,0.169,192
"Pedro Martínez","Granada","18152",8004,238,172,0,0,0.105,410
"Peligros","Granada","18153",9746,1156,4219,974,1393,0.258,7742
"Pinos Genil","Granada","18157",9876,185,448,188,199,0.253,1020
"Pinos Puente","Granada","18158",7331,3066,4240,1215,604,0.183,9125
"Píñar","Granada","18159",9561,252,453,0,58,0.186,763
"Polícar","Granada","18161",10027,54,57,21,0,0.148,132
"Polopos","Granada","18162",6721,327,745,103,0,0.18,1175
"Pórtugos","Granada","18163",9749,88,108,0,0,0.138,196
"Puebla de Don Fadrique","Granada","18164",7515,488,764,0,0,0.153,1252
"Pulianas","Granada","18165",8444,745,2141,580,411,0.228,3877
"Purullena","Granada","18167",7932,517,705,173,72,0.174,1467
"Quéntar","Granada","18168",9617,171,314,103,69,0.211,657
"Rubite","Granada","18170",9198,81,144,0,35,0.206,260
"Salar","Granada","18171",7460,348,924,127,0,0.188,1399
"Salobreña","Granada","18173",8629,2549,4230,821,1354,0.217,8954
"Santa Cruz del Comercio","Granada","18174",8471,115,173,0,0,0.15,288
"Santa Fe","Granada","18175",8578,2497,5080,1646,1700,0.232,10923
"Soportújar","Granada","18176",10988,63,53,0,0,0.114,116
"Sorvilán","Granada","18177",7408,146,147,0,0,0.125,293
"Torre-Cardela","Granada","18178",8957,258,282,0,50,0.162,590
"Torvizcón","Granada","18179",8071,117,224,0,0,0.164,341
"Trevélez","Granada","18180",NA,124,314,48,0,0.186,486
"Turón","Granada","18181",9317,92,58,0,0,0.097,150
"Ugíjar","Granada","18182",7390,546,834,0,175,0.19,1555
"Valle del Zalabí","Granada","18907",9076,300,744,191,0,0.189,1235
"Válor","Granada","18183",8641,165,215,0,61,0.191,441
"Vegas del Genil","Granada","18911",9088,803,3414,1361,1127,0.262,6705
"Vélez de Benaudalla","Granada","18184",8182,492,1123,201,0,0.182,1816
"Ventas de Huelma","Granada","18185",10432,100,311,0,82,0.241,493
"Villa de Otura","Granada","18149",11078,723,2114,677,1371,0.283,4885
"Villamena","Granada","18908",9108,195,356,103,43,0.195,697
"Villanueva de las Torres","Granada","18187",7564,184,221,0,0,0.136,405
"Villanueva Mesía","Granada","18188",7918,371,655,108,127,0.202,1261
"Víznar","Granada","18189",11091,62,271,144,170,0.292,647
"Zafarraya","Granada","18192",7505,369,788,148,138,0.21,1443
"Zagra","Granada","18913",8171,265,250,0,33,0.144,548
"Zújar","Granada","18194",8055,528,1192,101,92,0.193,1913
"Alájar","Huelva","21001",7136,200,262,76,0,0.157,538
"Aljaraque","Huelva","21002",11818,1323,6556,2768,3892,0.294,14539
"Almonaster la Real","Huelva","21004",10384,382,638,83,0,0.163,1103
"Almonte","Huelva","21005",8210,3694,7844,1649,1625,0.215,14812
"Alosno","Huelva","21006",8672,848,1637,385,336,0.21,3206
"Aracena","Huelva","21007",9210,1058,2751,708,1013,0.248,5530
"Aroche","Huelva","21008",7960,943,960,0,160,0.155,2063
"Arroyomolinos de León","Huelva","21009",7097,190,454,38,0,0.18,682
"Ayamonte","Huelva","21010",8621,2928,8059,1652,1998,0.234,14637
"Beas","Huelva","21011",9601,648,1508,562,367,0.227,3085
"Berrocal","Huelva","21012",11202,45,144,0,24,0.225,213
"Bollullos Par del Condado","Huelva","21013",8612,2963,4239,1008,1118,0.201,9328
"Bonares","Huelva","21014",8763,1251,2288,441,356,0.198,4336
"Cabezas Rubias","Huelva","21015",9107,250,287,39,0,0.141,576
"Cala","Huelva","21016",8221,305,460,100,49,0.18,914
"Calañas","Huelva","21017",9699,728,1492,534,339,0.219,3093
"Campofrío","Huelva","21019",9283,137,245,79,42,0.203,503
"Cañaveral de León","Huelva","21020",7915,152,144,0,0,0.122,296
"Cartaya","Huelva","21021",8703,3218,6381,1669,1785,0.223,13053
"Castaño del Robledo","Huelva","21022",9172,48,53,0,0,0.131,101
"Chucena","Huelva","21030",8438,409,770,192,68,0.191,1439
"Corteconcepción","Huelva","21024",9227,83,226,35,0,0.19,344
"Cortegana","Huelva","21025",9214,779,1853,379,406,0.223,3417
"Cortelazor","Huelva","21026",8554,43,82,0,0,0.164,125
"Cumbres de Enmedio","Huelva","21027",NA,0,22,0,0,0.25,22
"Cumbres de San Bartolomé","Huelva","21028",9443,104,158,0,0,0.151,262
"Cumbres Mayores","Huelva","21029",9267,395,709,192,83,0.193,1379
"El Almendro","Huelva","21003",9170,202,304,67,0,0.162,573
"El Campillo","Huelva","21018",9965,383,836,222,171,0.217,1612
"El Cerro de Andévalo","Huelva","21023",9122,572,769,272,147,0.19,1760
"El Granado","Huelva","21037",9827,124,198,0,0,0.154,322
"Encinasola","Huelva","21031",8535,351,511,0,0,0.148,862
"Escacena del Campo","Huelva","21032",8100,408,728,84,158,0.205,1378
"Fuenteheridos","Huelva","21033",7861,92,199,51,0,0.183,342
"Galaroza","Huelva","21034",8301,253,621,150,0,0.188,1024
"Gibraleón","Huelva","21035",8617,1948,4826,1267,1041,0.225,9082
"Higuera de la Sierra","Huelva","21038",8206,221,536,68,62,0.205,887
"Hinojales","Huelva","21039",8339,61,168,0,20,0.209,249
"Hinojos","Huelva","21040",9358,613,1648,346,360,0.229,2967
"Huelva (capital)","Huelva","21041",10657,17828,51847,17958,24292,0.264,111925
"Isla Cristina","Huelva","21042",7691,4586,6438,2004,1198,0.19,14226
"Jabugo","Huelva","21043",9156,357,1006,164,111,0.212,1638
"La Granada de Río-Tinto","Huelva","21036",7458,57,77,0,0,0.144,134
"La Nava","Huelva","21051",8662,39,136,0,0,0.194,175
"La Palma del Condado","Huelva","21054",8917,1641,3976,932,1047,0.23,7596
"Lepe","Huelva","21044",8099,5359,9658,2062,2004,0.206,19083
"Linares de la Sierra","Huelva","21045",9559,40,111,0,0,0.184,151
"Los Marines","Huelva","21048",8627,63,128,20,20,0.203,231
"Lucena del Puerto","Huelva","21046",9624,743,1029,209,311,0.203,2292
"Manzanilla","Huelva","21047",8111,641,774,114,101,0.167,1630
"Minas de Riotinto","Huelva","21049",10635,674,1373,702,379,0.226,3128
"Moguer","Huelva","21050",8971,4495,6780,1689,1915,0.207,14879
"Nerva","Huelva","21052",9621,1160,1924,758,367,0.203,4209
"Niebla","Huelva","21053",8567,776,1481,438,238,0.204,2933
"Palos de la Frontera","Huelva","21055",10597,1651,3182,1120,903,0.223,6856
"Paterna del Campo","Huelva","21056",8548,710,1271,259,260,0.205,2500
"Paymogo","Huelva","21057",8199,260,441,67,0,0.165,768
"Puebla de Guzmán","Huelva","21058",8978,725,1022,306,114,0.18,2167
"Puerto Moral","Huelva","21059",7968,30,107,18,0,0.202,155
"Punta Umbría","Huelva","21060",9374,2710,5842,1348,1459,0.222,11359
"Rociana del Condado","Huelva","21061",7408,1801,2547,725,344,0.183,5417
"Rosal de la Frontera","Huelva","21062",7799,443,646,0,65,0.168,1154
"San Bartolomé de la Torre","Huelva","21063",9231,677,1044,439,336,0.216,2496
"San Juan del Puerto","Huelva","21064",8683,1335,2915,905,636,0.22,5791
"San Silvestre de Guzmán","Huelva","21066",9527,129,243,40,33,0.196,445
"Sanlúcar de Guadiana","Huelva","21065",9660,63,169,0,0,0.182,232
"Santa Ana la Real","Huelva","21067",9546,64,158,0,0,0.178,222
"Santa Bárbara de Casa","Huelva","21068",9008,361,361,0,0,0.125,722
"Santa Olalla del Cala","Huelva","21069",8253,496,639,237,74,0.177,1446
"Trigueros","Huelva","21070",9152,1378,2702,807,712,0.22,5599
"Valdelarco","Huelva","21071",9652,40,77,0,0,0.165,117
"Valverde del Camino","Huelva","21072",9680,2027,4667,1153,1484,0.235,9331
"Villablanca","Huelva","21073",7689,576,1108,307,100,0.193,2091
"Villalba del Alcor","Huelva","21074",7580,821,1094,229,139,0.175,2283
"Villanueva de las Cruces","Huelva","21075",9496,85,118,40,0,0.163,243
"Villanueva de los Castillejos","Huelva","21076",9286,413,1145,236,224,0.227,2018
"Villarrasa","Huelva","21077",8440,511,633,172,125,0.183,1441
"Zalamea la Real","Huelva","21078",9736,542,1150,460,272,0.222,2424
"Zufre","Huelva","21079",8401,190,274,49,81,0.204,594
"Albanchez de Mágina","Jaén","23001",8718,317,310,60,0,0.135,687
"Alcalá la Real","Jaén","23002",9026,3628,7009,1690,2707,0.235,15034
"Alcaudete","Jaén","23003",8544,2370,3591,664,734,0.194,7359
"Aldeaquemada","Jaén","23004",10742,104,121,0,35,0.184,260
"Andújar","Jaén","23005",8909,6020,13053,3464,4117,0.232,26654
"Arjona","Jaén","23006",8641,1357,1930,238,302,0.181,3827
"Arjonilla","Jaén","23007",8510,838,1364,221,206,0.19,2629
"Arquillos","Jaén","23008",7545,436,599,92,59,0.171,1186
"Arroyo del Ojanco","Jaén","23905",7955,602,808,254,57,0.171,1721
"Baeza","Jaén","23009",9578,2728,5898,1111,1977,0.234,11714
"Bailén","Jaén","23010",7803,3588,6806,1467,1005,0.2,12866
"Baños de la Encina","Jaén","23011",8305,579,949,187,79,0.18,1794
"Beas de Segura","Jaén","23012",7494,1208,1705,689,291,0.191,3893
"Bedmar y Garcíez","Jaén","23902",8122,972,736,126,0,0.118,1834
"Begíjar","Jaén","23014",7943,587,1164,79,271,0.212,2101
"Bélmez de la Moraleda","Jaén","23015",8270,359,493,81,0,0.154,933
"Benatae","Jaén","23016",8673,69,137,0,0,0.166,206
"Cabra del Santo Cristo","Jaén","23017",8158,504,551,159,0,0.146,1214
"Cambil","Jaén","23018",7725,669,968,71,181,0.185,1889
"Campillo de Arenas","Jaén","23019",8521,391,652,79,107,0.192,1229
"Canena","Jaén","23020",10134,268,573,295,227,0.242,1363
"Carboneros","Jaén","23021",7991,144,234,41,0,0.164,419
"Cárcheles","Jaén","23901",9171,305,527,0,54,0.179,886
"Castellar","Jaén","23025",7950,933,1169,173,145,0.169,2420
"Castillo de Locubín","Jaén","23026",8917,963,1442,261,151,0.178,2817
"Cazalilla","Jaén","23027",8532,204,292,51,0,0.157,547
"Cazorla","Jaén","23028",9084,1385,2547,563,881,0.227,5376
"Chiclana de Segura","Jaén","23029",8021,233,375,0,76,0.193,684
"Chilluévar","Jaén","23030",7695,387,403,52,57,0.158,899
"Escañuela","Jaén","23031",8196,155,405,0,0,0.181,560
"Espeluy","Jaén","23032",8487,138,223,55,0,0.167,416
"Frailes","Jaén","23033",8379,335,434,0,71,0.171,840
"Fuensanta de Martos","Jaén","23034",8040,671,1262,83,82,0.18,2098
"Fuerte del Rey","Jaén","23035",8921,278,486,0,70,0.188,834
"Génave","Jaén","23037",7732,167,217,41,0,0.152,425
"Guarromán","Jaén","23039",7258,570,1104,146,87,0.187,1907
"Higuera de Calatrava","Jaén","23041",7714,134,200,41,0,0.161,375
"Hinojares","Jaén","23042",8834,95,70,0,0,0.106,165
"Hornos","Jaén","23043",9396,188,186,0,0,0.124,374
"Huelma","Jaén","23044",7965,1188,2128,383,364,0.199,4063
"Huesa","Jaén","23045",7370,772,849,67,100,0.156,1788
"Ibros","Jaén","23046",7725,538,1191,245,110,0.199,2084
"Iznatoraf","Jaén","23048",7701,189,420,88,0,0.182,697
"Jabalquinto","Jaén","23049",8485,583,636,117,0,0.141,1336
"Jaén (capital)","Jaén","23050",11826,13038,40470,10461,23906,0.281,87875
"Jamilena","Jaén","23051",8502,962,1071,98,105,0.154,2236
"Jimena","Jaén","23052",8453,336,361,0,48,0.153,745
"Jódar","Jaén","23053",7253,3869,2966,644,573,0.148,8052
"La Carolina","Jaén","23024",9149,2672,5903,1621,1003,0.213,11199
"La Guardia de Jaén","Jaén","23038",11069,471,1655,316,568,0.258,3010
"La Iruela","Jaén","23047",8205,377,677,104,92,0.193,1250
"La Puerta de Segura","Jaén","23072",8567,628,672,310,112,0.175,1722
"Lahiguera","Jaén","23040",8350,349,621,173,80,0.195,1223
"Larva","Jaén","23054",8234,184,123,0,0,0.1,307
"Linares","Jaén","23055",9814,8681,19939,8154,8223,0.247,44997
"Lopera","Jaén","23056",8312,589,1424,268,257,0.217,2538
"Los Villares","Jaén","23099",8804,1193,2201,271,363,0.198,4028
"Lupión","Jaén","23057",8504,235,310,36,56,0.18,637
"Mancha Real","Jaén","23058",9043,1957,3945,659,913,0.215,7474
"Marmolejo","Jaén","23059",8696,1190,2253,821,645,0.222,4909
"Martos","Jaén","23060",10526,4907,7448,2061,2341,0.212,16757
"Mengíbar","Jaén","23061",8158,1905,3154,779,791,0.208,6629
"Montizón","Jaén","23062",7460,618,476,79,0,0.118,1173
"Navas de San Juan","Jaén","23063",7565,1565,1306,141,196,0.143,3208
"Noalejo","Jaén","23064",8243,510,631,0,0,0.138,1141
"Orcera","Jaén","23065",9214,522,590,89,75,0.162,1276
"Peal de Becerro","Jaén","23066",8836,1266,1594,347,442,0.194,3649
"Pegalajar","Jaén","23067",8329,729,1065,100,334,0.206,2228
"Porcuna","Jaén","23069",8792,1134,2456,574,542,0.219,4706
"Pozo Alcón","Jaén","23070",7864,1172,1482,453,182,0.175,3289
"Puente de Génave","Jaén","23071",8178,622,588,238,97,0.165,1545
"Quesada","Jaén","23073",8654,1343,1828,259,376,0.186,3806
"Rus","Jaén","23074",8245,918,1285,360,165,0.181,2728
"Sabiote","Jaén","23075",7691,1028,1154,304,306,0.185,2792
"Santa Elena","Jaén","23076",8756,193,358,60,0,0.171,611
"Santiago de Calatrava","Jaén","23077",9595,171,188,152,0,0.166,511
"Santiago-Pontones","Jaén","23904",8487,736,1000,248,102,0.174,2086
"Santisteban del Puerto","Jaén","23079",7510,880,1815,290,290,0.205,3275
"Santo Tomé","Jaén","23080",7956,562,797,130,0,0.156,1489
"Segura de la Sierra","Jaén","23081",8906,292,604,91,188,0.228,1175
"Siles","Jaén","23082",8502,473,751,121,157,0.197,1502
"Sorihuela del Guadalimar","Jaén","23084",7797,283,428,0,43,0.17,754
"Torreblascopedro","Jaén","23085",8017,701,812,215,0,0.149,1728
"Torredelcampo","Jaén","23086",9002,2718,4664,905,1470,0.218,9757
"Torredonjimeno","Jaén","23087",9598,2905,4521,903,1666,0.219,9995
"Torreperogil","Jaén","23088",7997,1623,2557,551,349,0.187,5080
"Torres","Jaén","23090",8978,416,506,0,59,0.159,981
"Torres de Albánchez","Jaén","23091",7717,209,285,57,0,0.155,551
"Úbeda","Jaén","23092",10220,4784,11324,4723,5338,0.255,26169
"Valdepeñas de Jaén","Jaén","23093",8068,680,1393,154,345,0.217,2572
"Vilches","Jaén","23094",8990,907,1841,501,130,0.193,3379
"Villacarrillo","Jaén","23095",8428,2428,3689,849,837,0.199,7803
"Villanueva de la Reina","Jaén","23096",8687,700,1267,222,120,0.187,2309
"Villanueva del Arzobispo","Jaén","23097",7728,2094,2290,673,511,0.179,5568
"Villardompardo","Jaén","23098",9139,266,360,0,42,0.166,668
"Villarrodrigo","Jaén","23101",8287,93,114,0,0,0.138,207
"Villatorres","Jaén","23903",8391,991,1670,173,142,0.179,2976
"Alameda","Málaga","29001",7799,1324,1729,262,299,0.179,3614
"Alcaucín","Málaga","29002",7870,237,1182,178,146,0.237,1743
"Alfarnate","Málaga","29003",9450,355,449,0,0,0.14,804
"Alfarnatejo","Málaga","29004",8565,63,177,0,0,0.184,240
"Algarrobo","Málaga","29005",8430,1451,1620,701,648,0.205,4420
"Algatocín","Málaga","29006",7968,197,316,0,0,0.154,513
"Alhaurín de la Torre","Málaga","29007",10487,4169,13298,4374,4819,0.256,26660
"Alhaurín el Grande","Málaga","29008",7732,4083,8197,2160,1723,0.213,16163
"Almáchar","Málaga","29009",7478,412,513,53,76,0.17,1054
"Almargen","Málaga","29010",9007,409,749,178,109,0.198,1445
"Almogía","Málaga","29011",7874,882,1392,233,189,0.186,2696
"Álora","Málaga","29012",8051,2931,4373,862,1235,0.205,9401
"Alozaina","Málaga","29013",8335,460,721,120,170,0.201,1471
"Alpandeire","Málaga","29014",8629,82,68,0,0,0.113,150
"Antequera","Málaga","29015",10019,6795,13194,3838,5180,0.236,29007
"Árchez","Málaga","29016",8857,97,142,0,0,0.149,239
"Archidona","Málaga","29017",9174,1340,3038,795,742,0.225,5915
"Ardales","Málaga","29018",8862,518,868,217,92,0.187,1695
"Arenas","Málaga","29019",8249,193,281,0,0,0.148,474
"Arriate","Málaga","29020",8732,514,1455,452,434,0.243,2855
"Atajate","Málaga","29021",8456,30,43,0,0,0.147,73
"Benadalid","Málaga","29022",8412,25,90,0,0,0.196,115
"Benahavís","Málaga","29023",8466,525,2100,187,537,0.251,3349
"Benalauría","Málaga","29024",8588,89,139,51,0,0.17,279
"Benalmádena","Málaga","29025",10464,6573,25559,6047,10220,0.269,48399
"Benamargosa","Málaga","29026",7924,308,521,155,0,0.172,984
"Benamocarra","Málaga","29027",8110,837,1030,71,96,0.159,2034
"Benaoján","Málaga","29028",8118,369,543,109,0,0.16,1021
"Benarrabá","Málaga","29029",8703,84,203,0,0,0.177,287
"Campillos","Málaga","29032",9180,1667,2979,604,898,0.219,6148
"Canillas de Aceituno","Málaga","29033",8107,370,706,87,0,0.17,1163
"Canillas de Albaida","Málaga","29034",8857,124,333,42,0,0.188,499
"Cañete la Real","Málaga","29035",9626,457,578,0,57,0.158,1092
"Carratraca","Málaga","29036",8815,194,278,39,0,0.155,511
"Cartajima","Málaga","29037",10648,63,57,0,24,0.182,144
"Cártama","Málaga","29038",8687,3597,8100,2745,1627,0.219,16069
"Casabermeja","Málaga","29039",9307,649,1204,247,362,0.221,2462
"Casarabonela","Málaga","29040",8916,415,915,298,81,0.201,1709
"Casares","Málaga","29041",9262,744,2119,475,375,0.225,3713
"Coín","Málaga","29042",8358,3271,7981,1434,2211,0.232,14897
"Colmenar","Málaga","29043",7826,744,997,270,225,0.192,2236
"Comares","Málaga","29044",7770,353,419,0,166,0.2,938
"Cómpeta","Málaga","29045",7300,431,1436,337,318,0.239,2522
"Cortes de la Frontera","Málaga","29046",8382,751,1224,138,154,0.184,2267
"Cuevas Bajas","Málaga","29047",8018,283,426,80,46,0.179,835
"Cuevas de San Marcos","Málaga","29049",7919,1017,1255,287,253,0.182,2812
"Cuevas del Becerro","Málaga","29048",9044,396,657,67,0,0.162,1120
"Cútar","Málaga","29050",8114,107,213,0,0,0.166,320
"El Borge","Málaga","29030",7854,238,341,39,0,0.154,618
"El Burgo","Málaga","29031",8341,367,775,140,97,0.201,1379
"Estepona","Málaga","29051",9319,9066,24127,6230,7748,0.243,47171
"Faraján","Málaga","29052",11017,64,64,0,0,0.125,128
"Frigiliana","Málaga","29053",8723,366,1200,142,370,0.25,2078
"Fuengirola","Málaga","29054",8922,8879,28800,5957,11873,0.263,55509
"Fuente de Piedra","Málaga","29055",8769,368,945,196,78,0.204,1587
"Gaucín","Málaga","29056",7725,295,456,115,0,0.165,866
"Genalguacil","Málaga","29057",9673,100,77,0,0,0.109,177
"Guaro","Málaga","29058",8065,491,789,0,0,0.154,1280
"Humilladero","Málaga","29059",8464,496,1123,392,224,0.22,2235
"Igualeja","Málaga","29060",10393,184,299,0,0,0.155,483
"Istán","Málaga","29061",9714,223,515,60,157,0.233,955
"Iznate","Málaga","29062",7461,237,364,0,0,0.151,601
"Jimera de Líbar","Málaga","29063",10758,71,156,0,0,0.172,227
"Jubrique","Málaga","29064",8416,211,145,0,0,0.102,356
"Júzcar","Málaga","29065",9358,29,102,0,0,0.195,131
"Macharaviaya","Málaga","29066",8811,92,181,0,0,0.166,273
"Málaga (capital)","Málaga","29067",10668,74872,194161,56900,92858,0.261,418791
"Manilva","Málaga","29068",8717,2297,4686,1321,1505,0.23,9809
"Marbella","Málaga","29069",9876,17531,53403,10321,20422,0.257,101677
"Mijas","Málaga","29070",8445,9185,30322,5773,10788,0.257,56068
"Moclinejo","Málaga","29071",7180,441,327,0,0,0.106,768
"Mollina","Málaga","29072",7912,674,2089,446,424,0.233,3633
"Monda","Málaga","29073",8018,362,908,137,0,0.186,1407
"Montejaque","Málaga","29074",8917,188,324,0,38,0.182,550
"Nerja","Málaga","29075",8900,4668,7876,1361,2144,0.211,16049
"Ojén","Málaga","29076",9303,423,1209,335,196,0.224,2163
"Parauta","Málaga","29077",10411,86,89,0,0,0.127,175
"Periana","Málaga","29079",7767,700,1044,87,307,0.204,2138
"Pizarra","Málaga","29080",8394,1718,3197,897,501,0.202,6313
"Pujerra","Málaga","29081",10097,44,121,0,0,0.183,165
"Rincón de la Victoria","Málaga","29082",11683,3621,13398,4131,9397,0.297,30547
"Riogordo","Málaga","29083",8495,489,1061,130,108,0.197,1788
"Ronda","Málaga","29084",10218,5265,13042,3333,4340,0.241,25980
"Salares","Málaga","29085",8634,47,74,22,0,0.168,143
"Sayalonga","Málaga","29086",7464,209,529,82,0,0.186,820
"Sedella","Málaga","29087",9192,106,253,0,0,0.176,359
"Sierra de Yeguas","Málaga","29088",8534,712,1175,225,178,0.192,2290
"Teba","Málaga","29089",8302,884,1385,262,103,0.176,2634
"Tolox","Málaga","29090",8588,462,830,189,50,0.183,1531
"Torremolinos","Málaga","29901",10507,8467,24374,6132,12620,0.27,51593
"Torrox","Málaga","29091",8013,2664,6830,1216,1973,0.236,12683
"Totalán","Málaga","29092",7315,169,207,0,0,0.138,376
"Valle de Abdalajís","Málaga","29093",8373,696,851,0,84,0.156,1631
"Vélez-Málaga","Málaga","29094",9222,12237,24934,7201,11133,0.245,55505
"Villanueva de Algaidas","Málaga","29095",8427,1089,1347,299,161,0.17,2896
"Villanueva de la Concepción","Málaga","29902",8121,710,1019,312,115,0.181,2156
"Villanueva de Tapia","Málaga","29098",9214,356,465,67,0,0.15,888
"Villanueva del Rosario","Málaga","29096",9047,606,1153,233,268,0.213,2260
"Villanueva del Trabuco","Málaga","29097",8289,974,1751,420,351,0.205,3496
"Viñuela","Málaga","29099",7756,361,776,194,0,0.182,1331
"Yunquera","Málaga","29100",7936,612,1283,170,82,0.188,2147
"Aguadulce","Sevilla","41001",8323,403,794,91,78,0.191,1366
"Alanís","Sevilla","41002",7701,362,701,107,0,0.173,1170
"Albaida del Aljarafe","Sevilla","41003",7619,461,982,376,101,0.203,1920
"Alcalá de Guadaíra","Sevilla","41004",9487,9550,26646,7778,7866,0.242,51840
"Alcalá del Río","Sevilla","41005",8560,2413,3520,1076,1055,0.208,8064
"Alcolea del Río","Sevilla","41006",7517,767,1138,231,99,0.175,2235
"Algámitas","Sevilla","41008",8117,244,475,68,0,0.172,787
"Almadén de la Plata","Sevilla","41009",8655,365,479,70,45,0.167,959
"Almensilla","Sevilla","41010",9467,282,2221,663,865,0.286,4031
"Arahal","Sevilla","41011",8365,4630,5252,1892,1258,0.185,13032
"Aznalcázar","Sevilla","41012",8229,541,1518,395,373,0.235,2827
"Aznalcóllar","Sevilla","41013",8137,1348,1637,689,312,0.185,3986
"Badolatosa","Sevilla","41014",7208,670,1123,115,0,0.162,1908
"Benacazón","Sevilla","41015",8147,1245,2177,791,462,0.208,4675
"Bollullos de la Mitación","Sevilla","41016",9709,1555,2445,978,1389,0.243,6367
"Bormujos","Sevilla","41017",11209,1678,5705,2647,3980,0.291,14010
"Brenes","Sevilla","41018",8147,2314,4210,1258,764,0.205,8546
"Burguillos","Sevilla","41019",7468,1267,2352,631,293,0.196,4543
"Camas","Sevilla","41021",9140,4134,9085,2950,2597,0.23,18766
"Cantillana","Sevilla","41023",7771,2227,3416,1200,571,0.194,7414
"Cañada Rosal","Sevilla","41901",8408,592,1040,308,69,0.185,2009
"Carmona","Sevilla","41024",8924,5958,8784,3103,2558,0.208,20403
"Carrión de los Céspedes","Sevilla","41025",8562,437,895,0,310,0.231,1642
"Casariche","Sevilla","41026",7782,1177,2074,392,298,0.194,3941
"Castilblanco de los Arroyos","Sevilla","41027",7730,870,1926,487,128,0.196,3411
"Castilleja de Guzmán","Sevilla","41028",11734,108,884,418,408,0.291,1818
"Castilleja de la Cuesta","Sevilla","41029",9748,2030,5989,2147,2588,0.261,12754
"Castilleja del Campo","Sevilla","41030",9052,158,211,41,37,0.182,447
"Cazalla de la Sierra","Sevilla","41032",8365,1120,1770,432,301,0.193,3623
"Constantina","Sevilla","41033",8162,1265,2156,437,417,0.2,4275
"Coria del Río","Sevilla","41034",8194,5775,10298,2611,2087,0.206,20771
"Coripe","Sevilla","41035",8963,342,397,47,46,0.161,832
"Dos Hermanas","Sevilla","41038",10162,16069,40898,17226,17954,0.255,92147
"Écija","Sevilla","41039",8612,7455,13019,3604,3836,0.218,27914
"El Castillo de las Guardas","Sevilla","41031",8808,327,526,78,64,0.184,995
"El Coronil","Sevilla","41036",8309,1030,1616,324,300,0.194,3270
"El Cuervo de Sevilla","Sevilla","41903",7043,2238,2078,741,356,0.163,5413
"El Garrobo","Sevilla","41043",8229,169,333,37,0,0.172,539
"El Madroño","Sevilla","41057",10745,69,114,0,0,0.156,183
"El Pedroso","Sevilla","41073",8463,379,813,113,0,0.177,1305
"El Real de la Jara","Sevilla","41080",7362,359,507,124,83,0.186,1073
"El Ronquillo","Sevilla","41083",9076,285,496,48,120,0.207,949
"El Rubio","Sevilla","41084",8472,910,944,293,111,0.162,2258
"El Saucejo","Sevilla","41090",7811,1053,1207,309,118,0.163,2687
"El Viso del Alcor","Sevilla","41102",8278,3673,6067,1526,1123,0.199,12389
"Espartinas","Sevilla","41040",12194,1411,3940,1456,3105,0.293,9912
"Estepa","Sevilla","41041",9193,2000,4641,1129,1094,0.224,8864
"Fuentes de Andalucía","Sevilla","41042",8250,1503,2079,589,518,0.197,4689
"Gelves","Sevilla","41044",11344,886,2887,1112,1711,0.281,6596
"Gerena","Sevilla","41045",9014,981,2438,758,530,0.226,4707
"Gilena","Sevilla","41046",8972,702,1374,343,285,0.211,2704
"Gines","Sevilla","41047",11818,926,4119,1439,3068,0.306,9552
"Guadalcanal","Sevilla","41048",8005,556,1027,300,67,0.187,1950
"Guillena","Sevilla","41049",8584,2198,4179,1061,886,0.211,8324
"Herrera","Sevilla","41050",8799,1113,2291,453,408,0.209,4265
"Huévar del Aljarafe","Sevilla","41051",9304,448,1119,207,105,0.204,1879
"Isla Mayor","Sevilla","41902",7719,1373,1998,216,0,0.154,3587
"La Algaba","Sevilla","41007",8476,2865,5069,1911,1284,0.214,11129
"La Campana","Sevilla","41022",7649,1495,1458,164,100,0.142,3217
"La Luisiana","Sevilla","41056",8686,988,1538,346,112,0.177,2984
"La Puebla de Cazalla","Sevilla","41077",8004,2610,3423,825,576,0.182,7434
"La Puebla de los Infantes","Sevilla","41078",8089,763,990,172,102,0.168,2027
"La Puebla del Río","Sevilla","41079",8146,2663,3969,1095,847,0.197,8574
"La Rinconada","Sevilla","41081",8742,5167,12902,5029,2892,0.228,25990
"La Roda de Andalucía","Sevilla","41082",8607,1019,1730,349,122,0.18,3220
"Lantejuela","Sevilla","41052",7440,943,1265,210,0,0.153,2418
"Las Cabezas de San Juan","Sevilla","41020",7496,4496,4850,1051,587,0.161,10984
"Las Navas de la Concepción","Sevilla","41066",8321,269,521,159,0,0.179,949
"Lebrija","Sevilla","41053",8046,5950,7732,2574,2236,0.2,18492
"Lora de Estepa","Sevilla","41054",9178,120,263,86,43,0.212,512
"Lora del Río","Sevilla","41055",8162,3989,5720,1912,1379,0.2,13000
"Los Corrales","Sevilla","41037",8113,917,1288,314,214,0.186,2733
"Los Molares","Sevilla","41063",7788,774,1117,217,103,0.174,2211
"Los Palacios y Villafranca","Sevilla","41069",7507,7512,11761,2364,2985,0.204,24622
"Mairena del Alcor","Sevilla","41058",9213,3320,6931,2409,2644,0.239,15304
"Mairena del Aljarafe","Sevilla","41059",11968,4101,13586,4218,10262,0.298,32167
"Marchena","Sevilla","41060",8676,4531,5100,2126,1452,0.192,13209
"Marinaleda","Sevilla","41061",7494,633,940,226,0,0.162,1799
"Martín de la Jara","Sevilla","41062",7417,821,858,95,114,0.156,1888
"Montellano","Sevilla","41064",7473,1850,1984,501,298,0.166,4633
"Morón de la Frontera","Sevilla","41065",8900,4715,9963,2586,1900,0.213,19164
"Olivares","Sevilla","41067",7863,1922,2960,1096,707,0.205,6685
"Osuna","Sevilla","41068",8770,4082,5161,1602,1487,0.197,12332
"Palomares del Río","Sevilla","41070",11066,726,2139,920,1666,0.293,5451
"Paradas","Sevilla","41071",8067,1682,2042,425,478,0.185,4627
"Pedrera","Sevilla","41072",7794,1055,1957,398,296,0.199,3706
"Peñaflor","Sevilla","41074",8242,964,1301,260,122,0.17,2647
"Pilas","Sevilla","41075",7832,2449,4700,1121,1210,0.217,9480
"Pruna","Sevilla","41076",7286,794,757,85,0,0.129,1636
"Salteras","Sevilla","41085",10355,451,1694,728,820,0.275,3693
"San Juan de Aznalfarache","Sevilla","41086",8652,2696,8377,2076,2634,0.249,15783
"San Nicolás del Puerto","Sevilla","41088",8203,145,205,0,0,0.146,350
"Sanlúcar la Mayor","Sevilla","41087",8890,2276,4326,1305,1476,0.229,9383
"Santiponce","Sevilla","41089",8761,1368,2626,1084,753,0.224,5831
"Sevilla (capital)","Sevilla","41091",11876,80767,228627,75000,154974,0.284,539368
"Tocina","Sevilla","41092",8180,2427,2952,816,461,0.176,6656
"Tomares","Sevilla","41093",13423,1803,6895,2061,7048,0.324,17807
"Umbrete","Sevilla","41094",8627,1059,2679,1044,893,0.243,5675
"Utrera","Sevilla","41095",8746,9370,17210,4640,5283,0.222,36503
"Valencina de la Concepción","Sevilla","41096",11812,982,2446,944,1450,0.27,5822
"Villamanrique de la Condesa","Sevilla","41097",7528,814,1832,305,82,0.19,3033
"Villanueva de San Juan","Sevilla","41100",7791,264,469,0,0,0.16,733
"Villanueva del Ariscal","Sevilla","41098",8375,873,2026,576,734,0.242,4209
"Villanueva del Río y Minas","Sevilla","41099",7822,950,1923,435,349,0.209,3657
"Villaverde del Río","Sevilla","41101",7674,1592,2329,560,437,0.191,4918
